<?xml version="1.0"?>
<!DOCTYPE hibernate-mapping PUBLIC "-//Hibernate/Hibernate Mapping DTD 3.0//EN"
"http://www.hibernate.org/dtd/hibernate-mapping-3.0.dtd">
<!-- Generated Feb 9, 2019 12:34:54 PM by Hibernate Tools 4.3.1 -->
<hibernate-mapping>
    <class name="sys.model.Tbdepartamento" table="tbdepartamento" catalog="bdempleado4" optimistic-lock="version">
        <id name="idDepartamento" type="java.lang.Integer">
            <column name="idDepartamento" />
            <generator class="identity" />
        </id>
        <many-to-one name="tbpais" class="sys.model.Tbpais" fetch="select">
            <column name="fkPais" not-null="true" />
        </many-to-one>
        <property name="nombreDepartamento" type="string">
            <column name="nombreDepartamento" length="50" not-null="true" />
        </property>
        <set name="tbmunicipios" table="tbmunicipio" inverse="true" lazy="true" fetch="select">
            <key>
                <column name="fkDepartamento" not-null="true" />
            </key>
            <one-to-many class="sys.model.Tbmunicipio" />
        </set>
        <set name="tbempleados" table="tbempleado" inverse="true" lazy="true" fetch="select">
            <key>
                <column name="fkDepartamento" not-null="true" />
            </key>
            <one-to-many class="sys.model.Tbempleado" />
        </set>
    </class>
</hibernate-mapping>
