<?xml version="1.0"?>
<!DOCTYPE hibernate-mapping PUBLIC "-//Hibernate/Hibernate Mapping DTD 3.0//EN"
"http://www.hibernate.org/dtd/hibernate-mapping-3.0.dtd">
<!-- Generated Feb 9, 2019 12:34:54 PM by Hibernate Tools 4.3.1 -->
<hibernate-mapping>
    <class name="sys.model.Tbempleado" table="tbempleado" catalog="bdempleado4" optimistic-lock="version">
        <id name="idEmpleado" type="java.lang.Integer">
            <column name="idEmpleado" />
            <generator class="identity" />
        </id>
        <many-to-one name="tbdepartamento" class="sys.model.Tbdepartamento" fetch="select">
            <column name="fkDepartamento" not-null="true" />
        </many-to-one>
        <many-to-one name="tbmunicipio" class="sys.model.Tbmunicipio" fetch="select">
            <column name="fkMunicipio" not-null="true" />
        </many-to-one>
        <many-to-one name="tbpais" class="sys.model.Tbpais" fetch="select">
            <column name="fkPais" not-null="true" />
        </many-to-one>
        <property name="nombres" type="string">
            <column name="nombres" length="50" not-null="true" />
        </property>
        <property name="apellidos" type="string">
            <column name="apellidos" length="50" not-null="true" />
        </property>
        <property name="direccion" type="string">
            <column name="direccion" length="150" not-null="true" />
        </property>
        <property name="codigoArea" type="int">
            <column name="codigoArea" not-null="true" />
        </property>
        <property name="telefono" type="int">
            <column name="telefono" not-null="true" />
        </property>
    </class>
</hibernate-mapping>
