<?xml version="1.0"?>
<!DOCTYPE hibernate-mapping PUBLIC "-//Hibernate/Hibernate Mapping DTD 3.0//EN"
"http://www.hibernate.org/dtd/hibernate-mapping-3.0.dtd">
<!-- Generated Feb 9, 2019 12:34:54 PM by Hibernate Tools 4.3.1 -->
<hibernate-mapping>
    <class name="sys.model.Tbmunicipio" table="tbmunicipio" catalog="bdempleado4" optimistic-lock="version">
        <id name="idMunicipio" type="java.lang.Integer">
            <column name="idMunicipio" />
            <generator class="identity" />
        </id>
        <many-to-one name="tbdepartamento" class="sys.model.Tbdepartamento" fetch="select">
            <column name="fkDepartamento" not-null="true" />
        </many-to-one>
        <property name="nombreMunicipio" type="string">
            <column name="nombreMunicipio" length="50" not-null="true" />
        </property>
        <set name="tbempleados" table="tbempleado" inverse="true" lazy="true" fetch="select">
            <key>
                <column name="fkMunicipio" not-null="true" />
            </key>
            <one-to-many class="sys.model.Tbempleado" />
        </set>
    </class>
</hibernate-mapping>
